positive label,label tax group,pool label,pool tax group,Baltimore,N in class,Features,k,AUC
Bos taurus,species,Mammalia,class,DNA,74,DNA,1,0.538
Bos taurus,species,Mammalia,class,DNA,74,DNA,2,0.778
Bos taurus,species,Mammalia,class,DNA,74,DNA,3,0.827
Bos taurus,species,Mammalia,class,DNA,74,DNA,4,0.924
Bos taurus,species,Mammalia,class,DNA,74,DNA,5,0.907
Bos taurus,species,Mammalia,class,DNA,74,DNA,6,0.929
Bos taurus,species,Mammalia,class,DNA,74,DNA,7,0.898
Bos taurus,species,Mammalia,class,DNA,74,DNA,8,0.871
Bos taurus,species,Mammalia,class,DNA,74,DNA,9,0.818
Bos taurus,species,Mammalia,class,DNA,74,AA,1,0.667
Bos taurus,species,Mammalia,class,DNA,74,AA,2,0.762
Bos taurus,species,Mammalia,class,DNA,74,AA,3,0.824
Bos taurus,species,Mammalia,class,DNA,74,AA,4,0.886
Bos taurus,species,Mammalia,class,DNA,74,PC,1,0.624
Bos taurus,species,Mammalia,class,DNA,74,PC,2,0.8
Bos taurus,species,Mammalia,class,DNA,74,PC,3,0.714
Bos taurus,species,Mammalia,class,DNA,74,PC,4,0.752
Bos taurus,species,Mammalia,class,DNA,74,PC,5,0.829
Bos taurus,species,Mammalia,class,DNA,74,PC,6,0.79
Bos taurus,species,Mammalia,class,DNA,74,Domains,0,0.942
Bos,genus,Mammalia,class,DNA,76,DNA,1,0.531
Bos,genus,Mammalia,class,DNA,76,DNA,2,0.792
Bos,genus,Mammalia,class,DNA,76,DNA,3,0.925
Bos,genus,Mammalia,class,DNA,76,DNA,4,0.953
Bos,genus,Mammalia,class,DNA,76,DNA,5,0.98
Bos,genus,Mammalia,class,DNA,76,DNA,6,0.982
Bos,genus,Mammalia,class,DNA,76,DNA,7,0.976
Bos,genus,Mammalia,class,DNA,76,DNA,8,0.945
Bos,genus,Mammalia,class,DNA,76,DNA,9,0.941
Bos,genus,Mammalia,class,DNA,76,AA,1,0.967
Bos,genus,Mammalia,class,DNA,76,AA,2,0.957
Bos,genus,Mammalia,class,DNA,76,AA,3,0.91
Bos,genus,Mammalia,class,DNA,76,AA,4,0.937
Bos,genus,Mammalia,class,DNA,76,PC,1,0.898
Bos,genus,Mammalia,class,DNA,76,PC,2,0.855
Bos,genus,Mammalia,class,DNA,76,PC,3,0.949
Bos,genus,Mammalia,class,DNA,76,PC,4,0.906
Bos,genus,Mammalia,class,DNA,76,PC,5,0.953
Bos,genus,Mammalia,class,DNA,76,PC,6,0.918
Bos,genus,Mammalia,class,DNA,76,Domains,0,0.988
Bovidae,family,Mammalia,class,DNA,98,DNA,1,0.412
Bovidae,family,Mammalia,class,DNA,98,DNA,2,0.669
Bovidae,family,Mammalia,class,DNA,98,DNA,3,0.813
Bovidae,family,Mammalia,class,DNA,98,DNA,4,0.841
Bovidae,family,Mammalia,class,DNA,98,DNA,5,0.884
Bovidae,family,Mammalia,class,DNA,98,DNA,6,0.869
Bovidae,family,Mammalia,class,DNA,98,DNA,7,0.853
Bovidae,family,Mammalia,class,DNA,98,DNA,8,0.837
Bovidae,family,Mammalia,class,DNA,98,DNA,9,0.819
Bovidae,family,Mammalia,class,DNA,98,AA,1,0.718
Bovidae,family,Mammalia,class,DNA,98,AA,2,0.85
Bovidae,family,Mammalia,class,DNA,98,AA,3,0.794
Bovidae,family,Mammalia,class,DNA,98,AA,4,0.753
Bovidae,family,Mammalia,class,DNA,98,PC,1,0.603
Bovidae,family,Mammalia,class,DNA,98,PC,2,0.691
Bovidae,family,Mammalia,class,DNA,98,PC,3,0.829
Bovidae,family,Mammalia,class,DNA,98,PC,4,0.856
Bovidae,family,Mammalia,class,DNA,98,PC,5,0.791
Bovidae,family,Mammalia,class,DNA,98,PC,6,0.765
Bovidae,family,Mammalia,class,DNA,98,Domains,0,0.918
Sus scrofa,species,Mammalia,class,DNA,83,DNA,1,0.43
Sus scrofa,species,Mammalia,class,DNA,83,DNA,2,0.864
Sus scrofa,species,Mammalia,class,DNA,83,DNA,3,0.824
Sus scrofa,species,Mammalia,class,DNA,83,DNA,4,0.93
Sus scrofa,species,Mammalia,class,DNA,83,DNA,5,0.941
Sus scrofa,species,Mammalia,class,DNA,83,DNA,6,0.934
Sus scrofa,species,Mammalia,class,DNA,83,DNA,7,0.934
Sus scrofa,species,Mammalia,class,DNA,83,DNA,8,0.945
Sus scrofa,species,Mammalia,class,DNA,83,DNA,9,0.919
Sus scrofa,species,Mammalia,class,DNA,83,AA,1,0.846
Sus scrofa,species,Mammalia,class,DNA,83,AA,2,0.938
Sus scrofa,species,Mammalia,class,DNA,83,AA,3,0.941
Sus scrofa,species,Mammalia,class,DNA,83,AA,4,0.952
Sus scrofa,species,Mammalia,class,DNA,83,PC,1,0.739
Sus scrofa,species,Mammalia,class,DNA,83,PC,2,0.779
Sus scrofa,species,Mammalia,class,DNA,83,PC,3,0.838
Sus scrofa,species,Mammalia,class,DNA,83,PC,4,0.93
Sus scrofa,species,Mammalia,class,DNA,83,PC,5,0.96
Sus scrofa,species,Mammalia,class,DNA,83,PC,6,0.971
Sus scrofa,species,Mammalia,class,DNA,83,Domains,0,0.83
Suidae,family,Mammalia,class,DNA,83,DNA,1,0.5
Suidae,family,Mammalia,class,DNA,83,DNA,2,0.824
Suidae,family,Mammalia,class,DNA,83,DNA,3,0.643
Suidae,family,Mammalia,class,DNA,83,DNA,4,0.695
Suidae,family,Mammalia,class,DNA,83,DNA,5,0.688
Suidae,family,Mammalia,class,DNA,83,DNA,6,0.809
Suidae,family,Mammalia,class,DNA,83,DNA,7,0.875
Suidae,family,Mammalia,class,DNA,83,DNA,8,0.923
Suidae,family,Mammalia,class,DNA,83,DNA,9,0.757
Suidae,family,Mammalia,class,DNA,83,AA,1,0.689
Suidae,family,Mammalia,class,DNA,83,AA,2,0.773
Suidae,family,Mammalia,class,DNA,83,AA,3,0.66
Suidae,family,Mammalia,class,DNA,83,AA,4,0.82
Suidae,family,Mammalia,class,DNA,83,PC,1,0.574
Suidae,family,Mammalia,class,DNA,83,PC,2,0.742
Suidae,family,Mammalia,class,DNA,83,PC,3,0.715
Suidae,family,Mammalia,class,DNA,83,PC,4,0.73
Suidae,family,Mammalia,class,DNA,83,PC,5,0.785
Suidae,family,Mammalia,class,DNA,83,PC,6,0.91
Suidae,family,Mammalia,class,DNA,83,Domains,0,0.696
Vespertilionidae,family,Chiroptera,order,DNA,32,DNA,1,0.635
Vespertilionidae,family,Chiroptera,order,DNA,32,DNA,2,0.651
Vespertilionidae,family,Chiroptera,order,DNA,32,DNA,3,0.643
Vespertilionidae,family,Chiroptera,order,DNA,32,DNA,4,0.524
Vespertilionidae,family,Chiroptera,order,DNA,32,DNA,5,0.683
Vespertilionidae,family,Chiroptera,order,DNA,32,DNA,6,0.778
Vespertilionidae,family,Chiroptera,order,DNA,32,DNA,7,0.881
Vespertilionidae,family,Chiroptera,order,DNA,32,DNA,8,0.222
Vespertilionidae,family,Chiroptera,order,DNA,32,DNA,9,0.0
Vespertilionidae,family,Chiroptera,order,DNA,32,AA,1,0.968
Vespertilionidae,family,Chiroptera,order,DNA,32,AA,2,1.0
Vespertilionidae,family,Chiroptera,order,DNA,32,AA,3,0.857
Vespertilionidae,family,Chiroptera,order,DNA,32,AA,4,0.968
Vespertilionidae,family,Chiroptera,order,DNA,32,PC,1,0.857
Vespertilionidae,family,Chiroptera,order,DNA,32,PC,2,0.667
Vespertilionidae,family,Chiroptera,order,DNA,32,PC,3,0.937
Vespertilionidae,family,Chiroptera,order,DNA,32,PC,4,1.0
Vespertilionidae,family,Chiroptera,order,DNA,32,PC,5,0.81
Vespertilionidae,family,Chiroptera,order,DNA,32,PC,6,0.921
Vespertilionidae,family,Chiroptera,order,DNA,32,Domains,0,0.889
Pteropodidae,family,Chiroptera,order,DNA,36,DNA,1,0.656
Pteropodidae,family,Chiroptera,order,DNA,36,DNA,2,0.75
Pteropodidae,family,Chiroptera,order,DNA,36,DNA,3,0.688
Pteropodidae,family,Chiroptera,order,DNA,36,DNA,4,0.75
Pteropodidae,family,Chiroptera,order,DNA,36,DNA,5,0.838
Pteropodidae,family,Chiroptera,order,DNA,36,DNA,6,0.8
Pteropodidae,family,Chiroptera,order,DNA,36,DNA,7,0.788
Pteropodidae,family,Chiroptera,order,DNA,36,DNA,8,0.75
Pteropodidae,family,Chiroptera,order,DNA,36,DNA,9,0.838
Pteropodidae,family,Chiroptera,order,DNA,36,AA,1,0.738
Pteropodidae,family,Chiroptera,order,DNA,36,AA,2,0.825
Pteropodidae,family,Chiroptera,order,DNA,36,AA,3,0.862
Pteropodidae,family,Chiroptera,order,DNA,36,AA,4,0.888
Pteropodidae,family,Chiroptera,order,DNA,36,PC,1,0.812
Pteropodidae,family,Chiroptera,order,DNA,36,PC,2,0.888
Pteropodidae,family,Chiroptera,order,DNA,36,PC,3,0.9
Pteropodidae,family,Chiroptera,order,DNA,36,PC,4,0.925
Pteropodidae,family,Chiroptera,order,DNA,36,PC,5,0.825
Pteropodidae,family,Chiroptera,order,DNA,36,PC,6,0.938
Pteropodidae,family,Chiroptera,order,DNA,36,Domains,0,0.944
Chiroptera,order,Mammalia,class,DNA,116,DNA,1,0.596
Chiroptera,order,Mammalia,class,DNA,116,DNA,2,0.667
Chiroptera,order,Mammalia,class,DNA,116,DNA,3,0.748
Chiroptera,order,Mammalia,class,DNA,116,DNA,4,0.728
Chiroptera,order,Mammalia,class,DNA,116,DNA,5,0.804
Chiroptera,order,Mammalia,class,DNA,116,DNA,6,0.807
Chiroptera,order,Mammalia,class,DNA,116,DNA,7,0.8
Chiroptera,order,Mammalia,class,DNA,116,DNA,8,0.794
Chiroptera,order,Mammalia,class,DNA,116,DNA,9,0.802
Chiroptera,order,Mammalia,class,DNA,116,AA,1,0.83
Chiroptera,order,Mammalia,class,DNA,116,AA,2,0.841
Chiroptera,order,Mammalia,class,DNA,116,AA,3,0.793
Chiroptera,order,Mammalia,class,DNA,116,AA,4,0.794
Chiroptera,order,Mammalia,class,DNA,116,PC,1,0.733
Chiroptera,order,Mammalia,class,DNA,116,PC,2,0.785
Chiroptera,order,Mammalia,class,DNA,116,PC,3,0.781
Chiroptera,order,Mammalia,class,DNA,116,PC,4,0.854
Chiroptera,order,Mammalia,class,DNA,116,PC,5,0.804
Chiroptera,order,Mammalia,class,DNA,116,PC,6,0.813
Chiroptera,order,Mammalia,class,DNA,116,Domains,0,0.844
Canis lupus,species,Carnivora,order,DNA,30,DNA,1,0.766
Canis lupus,species,Carnivora,order,DNA,30,DNA,2,0.75
Canis lupus,species,Carnivora,order,DNA,30,DNA,3,0.875
Canis lupus,species,Carnivora,order,DNA,30,DNA,4,0.891
Canis lupus,species,Carnivora,order,DNA,30,DNA,5,0.906
Canis lupus,species,Carnivora,order,DNA,30,DNA,6,0.906
Canis lupus,species,Carnivora,order,DNA,30,DNA,7,0.891
Canis lupus,species,Carnivora,order,DNA,30,DNA,8,0.891
Canis lupus,species,Carnivora,order,DNA,30,DNA,9,0.891
Canis lupus,species,Carnivora,order,DNA,30,AA,1,0.859
Canis lupus,species,Carnivora,order,DNA,30,AA,2,0.875
Canis lupus,species,Carnivora,order,DNA,30,AA,3,0.891
Canis lupus,species,Carnivora,order,DNA,30,AA,4,0.875
Canis lupus,species,Carnivora,order,DNA,30,PC,1,0.797
Canis lupus,species,Carnivora,order,DNA,30,PC,2,0.766
Canis lupus,species,Carnivora,order,DNA,30,PC,3,0.859
Canis lupus,species,Carnivora,order,DNA,30,PC,4,0.906
Canis lupus,species,Carnivora,order,DNA,30,PC,5,0.859
Canis lupus,species,Carnivora,order,DNA,30,PC,6,0.828
Canis lupus,species,Carnivora,order,DNA,30,Domains,0,0.625
Canidae,family,Carnivora,order,DNA,33,DNA,1,0.444
Canidae,family,Carnivora,order,DNA,33,DNA,2,0.873
Canidae,family,Carnivora,order,DNA,33,DNA,3,0.984
Canidae,family,Carnivora,order,DNA,33,DNA,4,1.0
Canidae,family,Carnivora,order,DNA,33,DNA,5,1.0
Canidae,family,Carnivora,order,DNA,33,DNA,6,1.0
Canidae,family,Carnivora,order,DNA,33,DNA,7,1.0
Canidae,family,Carnivora,order,DNA,33,DNA,8,0.921
Canidae,family,Carnivora,order,DNA,33,DNA,9,1.0
Canidae,family,Carnivora,order,DNA,33,AA,1,0.603
Canidae,family,Carnivora,order,DNA,33,AA,2,0.698
Canidae,family,Carnivora,order,DNA,33,AA,3,0.968
Canidae,family,Carnivora,order,DNA,33,AA,4,0.952
Canidae,family,Carnivora,order,DNA,33,PC,1,1.0
Canidae,family,Carnivora,order,DNA,33,PC,2,0.746
Canidae,family,Carnivora,order,DNA,33,PC,3,0.905
Canidae,family,Carnivora,order,DNA,33,PC,4,0.651
Canidae,family,Carnivora,order,DNA,33,PC,5,0.937
Canidae,family,Carnivora,order,DNA,33,PC,6,0.984
Canidae,family,Carnivora,order,DNA,33,Domains,0,0.704
Carnivora,order,Mammalia,class,DNA,117,DNA,1,0.685
Carnivora,order,Mammalia,class,DNA,117,DNA,2,0.909
Carnivora,order,Mammalia,class,DNA,117,DNA,3,0.885
Carnivora,order,Mammalia,class,DNA,117,DNA,4,0.963
Carnivora,order,Mammalia,class,DNA,117,DNA,5,0.961
Carnivora,order,Mammalia,class,DNA,117,DNA,6,0.976
Carnivora,order,Mammalia,class,DNA,117,DNA,7,0.969
Carnivora,order,Mammalia,class,DNA,117,DNA,8,0.967
Carnivora,order,Mammalia,class,DNA,117,DNA,9,0.933
Carnivora,order,Mammalia,class,DNA,117,AA,1,0.885
Carnivora,order,Mammalia,class,DNA,117,AA,2,0.935
Carnivora,order,Mammalia,class,DNA,117,AA,3,0.874
Carnivora,order,Mammalia,class,DNA,117,AA,4,0.952
Carnivora,order,Mammalia,class,DNA,117,PC,1,0.606
Carnivora,order,Mammalia,class,DNA,117,PC,2,0.887
Carnivora,order,Mammalia,class,DNA,117,PC,3,0.802
Carnivora,order,Mammalia,class,DNA,117,PC,4,0.87
Carnivora,order,Mammalia,class,DNA,117,PC,5,0.92
Carnivora,order,Mammalia,class,DNA,117,PC,6,0.993
Carnivora,order,Mammalia,class,DNA,117,Domains,0,0.912
Pan troglodytes,species,Hominidae,family,DNA,48,DNA,1,0.781
Pan troglodytes,species,Hominidae,family,DNA,48,DNA,2,0.938
Pan troglodytes,species,Hominidae,family,DNA,48,DNA,3,0.938
Pan troglodytes,species,Hominidae,family,DNA,48,DNA,4,0.979
Pan troglodytes,species,Hominidae,family,DNA,48,DNA,5,1.0
Pan troglodytes,species,Hominidae,family,DNA,48,DNA,6,1.0
Pan troglodytes,species,Hominidae,family,DNA,48,DNA,7,1.0
Pan troglodytes,species,Hominidae,family,DNA,48,DNA,8,1.0
Pan troglodytes,species,Hominidae,family,DNA,48,DNA,9,1.0
Pan troglodytes,species,Hominidae,family,DNA,48,AA,1,0.896
Pan troglodytes,species,Hominidae,family,DNA,48,AA,2,1.0
Pan troglodytes,species,Hominidae,family,DNA,48,AA,3,0.979
Pan troglodytes,species,Hominidae,family,DNA,48,AA,4,1.0
Pan troglodytes,species,Hominidae,family,DNA,48,PC,1,0.625
Pan troglodytes,species,Hominidae,family,DNA,48,PC,2,0.896
Pan troglodytes,species,Hominidae,family,DNA,48,PC,3,1.0
Pan troglodytes,species,Hominidae,family,DNA,48,PC,4,0.979
Pan troglodytes,species,Hominidae,family,DNA,48,PC,5,0.917
Pan troglodytes,species,Hominidae,family,DNA,48,PC,6,0.979
Pan troglodytes,species,Hominidae,family,DNA,48,Domains,0,0.948
Pan,genus,Hominidae,family,DNA,54,DNA,1,0.847
Pan,genus,Hominidae,family,DNA,54,DNA,2,0.889
Pan,genus,Hominidae,family,DNA,54,DNA,3,1.0
Pan,genus,Hominidae,family,DNA,54,DNA,4,0.986
Pan,genus,Hominidae,family,DNA,54,DNA,5,0.986
Pan,genus,Hominidae,family,DNA,54,DNA,6,0.972
Pan,genus,Hominidae,family,DNA,54,DNA,7,0.972
Pan,genus,Hominidae,family,DNA,54,DNA,8,1.0
Pan,genus,Hominidae,family,DNA,54,DNA,9,0.986
Pan,genus,Hominidae,family,DNA,54,AA,1,0.792
Pan,genus,Hominidae,family,DNA,54,AA,2,0.958
Pan,genus,Hominidae,family,DNA,54,AA,3,1.0
Pan,genus,Hominidae,family,DNA,54,AA,4,1.0
Pan,genus,Hominidae,family,DNA,54,PC,1,0.708
Pan,genus,Hominidae,family,DNA,54,PC,2,0.833
Pan,genus,Hominidae,family,DNA,54,PC,3,0.917
Pan,genus,Hominidae,family,DNA,54,PC,4,0.875
Pan,genus,Hominidae,family,DNA,54,PC,5,0.958
Pan,genus,Hominidae,family,DNA,54,PC,6,1.0
Pan,genus,Hominidae,family,DNA,54,Domains,0,1.0
Homo sapiens,species,Hominidae,family,DNA,250,DNA,1,0.59
Homo sapiens,species,Hominidae,family,DNA,250,DNA,2,0.896
Homo sapiens,species,Hominidae,family,DNA,250,DNA,3,0.974
Homo sapiens,species,Hominidae,family,DNA,250,DNA,4,0.976
Homo sapiens,species,Hominidae,family,DNA,250,DNA,5,0.977
Homo sapiens,species,Hominidae,family,DNA,250,DNA,6,0.971
Homo sapiens,species,Hominidae,family,DNA,250,DNA,7,0.992
Homo sapiens,species,Hominidae,family,DNA,250,DNA,8,0.987
Homo sapiens,species,Hominidae,family,DNA,250,DNA,9,0.971
Homo sapiens,species,Hominidae,family,DNA,250,AA,1,0.924
Homo sapiens,species,Hominidae,family,DNA,250,AA,2,0.968
Homo sapiens,species,Hominidae,family,DNA,250,AA,3,0.959
Homo sapiens,species,Hominidae,family,DNA,250,AA,4,0.981
Homo sapiens,species,Hominidae,family,DNA,250,PC,1,0.824
Homo sapiens,species,Hominidae,family,DNA,250,PC,2,0.897
Homo sapiens,species,Hominidae,family,DNA,250,PC,3,0.94
Homo sapiens,species,Hominidae,family,DNA,250,PC,4,0.957
Homo sapiens,species,Hominidae,family,DNA,250,PC,5,0.916
Homo sapiens,species,Hominidae,family,DNA,250,PC,6,0.972
Homo sapiens,species,Hominidae,family,DNA,250,Domains,0,0.904
Homo,genus,Hominidae,family,DNA,250,DNA,1,0.593
Homo,genus,Hominidae,family,DNA,250,DNA,2,0.894
Homo,genus,Hominidae,family,DNA,250,DNA,3,0.973
Homo,genus,Hominidae,family,DNA,250,DNA,4,0.965
Homo,genus,Hominidae,family,DNA,250,DNA,5,0.976
Homo,genus,Hominidae,family,DNA,250,DNA,6,0.98
Homo,genus,Hominidae,family,DNA,250,DNA,7,0.98
Homo,genus,Hominidae,family,DNA,250,DNA,8,0.985
Homo,genus,Hominidae,family,DNA,250,DNA,9,0.99
Homo,genus,Hominidae,family,DNA,250,AA,1,0.961
Homo,genus,Hominidae,family,DNA,250,AA,2,0.957
Homo,genus,Hominidae,family,DNA,250,AA,3,0.982
Homo,genus,Hominidae,family,DNA,250,AA,4,0.984
Homo,genus,Hominidae,family,DNA,250,PC,1,0.782
Homo,genus,Hominidae,family,DNA,250,PC,2,0.909
Homo,genus,Hominidae,family,DNA,250,PC,3,0.938
Homo,genus,Hominidae,family,DNA,250,PC,4,0.952
Homo,genus,Hominidae,family,DNA,250,PC,5,0.953
Homo,genus,Hominidae,family,DNA,250,PC,6,0.992
Homo,genus,Hominidae,family,DNA,250,Domains,0,0.979
Hominidae,family,Primates,order,DNA,250,DNA,1,0.607
Hominidae,family,Primates,order,DNA,250,DNA,2,0.823
Hominidae,family,Primates,order,DNA,250,DNA,3,0.899
Hominidae,family,Primates,order,DNA,250,DNA,4,0.875
Hominidae,family,Primates,order,DNA,250,DNA,5,0.895
Hominidae,family,Primates,order,DNA,250,DNA,6,0.92
Hominidae,family,Primates,order,DNA,250,DNA,7,0.918
Hominidae,family,Primates,order,DNA,250,DNA,8,0.908
Hominidae,family,Primates,order,DNA,250,DNA,9,0.918
Hominidae,family,Primates,order,DNA,250,AA,1,0.906
Hominidae,family,Primates,order,DNA,250,AA,2,0.888
Hominidae,family,Primates,order,DNA,250,AA,3,0.925
Hominidae,family,Primates,order,DNA,250,AA,4,0.881
Hominidae,family,Primates,order,DNA,250,PC,1,0.785
Hominidae,family,Primates,order,DNA,250,PC,2,0.912
Hominidae,family,Primates,order,DNA,250,PC,3,0.844
Hominidae,family,Primates,order,DNA,250,PC,4,0.88
Hominidae,family,Primates,order,DNA,250,PC,5,0.886
Hominidae,family,Primates,order,DNA,250,PC,6,0.951
Hominidae,family,Primates,order,DNA,250,Domains,0,0.901
Macaca mulatta,species,Macaca,genus,DNA,30,DNA,1,0.734
Macaca mulatta,species,Macaca,genus,DNA,30,DNA,2,0.828
Macaca mulatta,species,Macaca,genus,DNA,30,DNA,3,0.906
Macaca mulatta,species,Macaca,genus,DNA,30,DNA,4,0.781
Macaca mulatta,species,Macaca,genus,DNA,30,DNA,5,0.891
Macaca mulatta,species,Macaca,genus,DNA,30,DNA,6,0.938
Macaca mulatta,species,Macaca,genus,DNA,30,DNA,7,0.953
Macaca mulatta,species,Macaca,genus,DNA,30,DNA,8,0.953
Macaca mulatta,species,Macaca,genus,DNA,30,DNA,9,0.938
Macaca mulatta,species,Macaca,genus,DNA,30,AA,1,0.929
Macaca mulatta,species,Macaca,genus,DNA,30,AA,2,0.857
Macaca mulatta,species,Macaca,genus,DNA,30,AA,3,0.911
Macaca mulatta,species,Macaca,genus,DNA,30,AA,4,0.964
Macaca mulatta,species,Macaca,genus,DNA,30,PC,1,0.821
Macaca mulatta,species,Macaca,genus,DNA,30,PC,2,0.857
Macaca mulatta,species,Macaca,genus,DNA,30,PC,3,0.857
Macaca mulatta,species,Macaca,genus,DNA,30,PC,4,0.946
Macaca mulatta,species,Macaca,genus,DNA,30,PC,5,0.982
Macaca mulatta,species,Macaca,genus,DNA,30,PC,6,0.946
Macaca mulatta,species,Macaca,genus,DNA,30,Domains,0,0.812
Macaca,genus,Cercopithecidae,family,DNA,61,DNA,1,0.765
Macaca,genus,Cercopithecidae,family,DNA,61,DNA,2,0.806
Macaca,genus,Cercopithecidae,family,DNA,61,DNA,3,0.796
Macaca,genus,Cercopithecidae,family,DNA,61,DNA,4,0.806
Macaca,genus,Cercopithecidae,family,DNA,61,DNA,5,0.857
Macaca,genus,Cercopithecidae,family,DNA,61,DNA,6,0.898
Macaca,genus,Cercopithecidae,family,DNA,61,DNA,7,0.929
Macaca,genus,Cercopithecidae,family,DNA,61,DNA,8,0.908
Macaca,genus,Cercopithecidae,family,DNA,61,DNA,9,0.888
Macaca,genus,Cercopithecidae,family,DNA,61,AA,1,0.847
Macaca,genus,Cercopithecidae,family,DNA,61,AA,2,0.867
Macaca,genus,Cercopithecidae,family,DNA,61,AA,3,0.898
Macaca,genus,Cercopithecidae,family,DNA,61,AA,4,0.949
Macaca,genus,Cercopithecidae,family,DNA,61,PC,1,0.898
Macaca,genus,Cercopithecidae,family,DNA,61,PC,2,0.663
Macaca,genus,Cercopithecidae,family,DNA,61,PC,3,0.827
Macaca,genus,Cercopithecidae,family,DNA,61,PC,4,0.878
Macaca,genus,Cercopithecidae,family,DNA,61,PC,5,0.908
Macaca,genus,Cercopithecidae,family,DNA,61,PC,6,0.918
Macaca,genus,Cercopithecidae,family,DNA,61,Domains,0,0.908
Cercopithecidae,family,Primates,order,DNA,96,DNA,1,0.729
Cercopithecidae,family,Primates,order,DNA,96,DNA,2,0.935
Cercopithecidae,family,Primates,order,DNA,96,DNA,3,1.0
Cercopithecidae,family,Primates,order,DNA,96,DNA,4,0.964
Cercopithecidae,family,Primates,order,DNA,96,DNA,5,0.99
Cercopithecidae,family,Primates,order,DNA,96,DNA,6,0.997
Cercopithecidae,family,Primates,order,DNA,96,DNA,7,0.997
Cercopithecidae,family,Primates,order,DNA,96,DNA,8,0.993
Cercopithecidae,family,Primates,order,DNA,96,DNA,9,0.993
Cercopithecidae,family,Primates,order,DNA,96,AA,1,0.99
Cercopithecidae,family,Primates,order,DNA,96,AA,2,0.951
Cercopithecidae,family,Primates,order,DNA,96,AA,3,1.0
Cercopithecidae,family,Primates,order,DNA,96,AA,4,1.0
Cercopithecidae,family,Primates,order,DNA,96,PC,1,0.958
Cercopithecidae,family,Primates,order,DNA,96,PC,2,0.853
Cercopithecidae,family,Primates,order,DNA,96,PC,3,0.951
Cercopithecidae,family,Primates,order,DNA,96,PC,4,0.958
Cercopithecidae,family,Primates,order,DNA,96,PC,5,1.0
Cercopithecidae,family,Primates,order,DNA,96,PC,6,1.0
Cercopithecidae,family,Primates,order,DNA,96,Domains,0,1.0
Primates,order,Mammalia,class,DNA,250,DNA,1,0.575
Primates,order,Mammalia,class,DNA,250,DNA,2,0.809
Primates,order,Mammalia,class,DNA,250,DNA,3,0.952
Primates,order,Mammalia,class,DNA,250,DNA,4,0.921
Primates,order,Mammalia,class,DNA,250,DNA,5,0.957
Primates,order,Mammalia,class,DNA,250,DNA,6,0.962
Primates,order,Mammalia,class,DNA,250,DNA,7,0.952
Primates,order,Mammalia,class,DNA,250,DNA,8,0.943
Primates,order,Mammalia,class,DNA,250,DNA,9,0.948
Primates,order,Mammalia,class,DNA,250,AA,1,0.902
Primates,order,Mammalia,class,DNA,250,AA,2,0.953
Primates,order,Mammalia,class,DNA,250,AA,3,0.956
Primates,order,Mammalia,class,DNA,250,AA,4,0.955
Primates,order,Mammalia,class,DNA,250,PC,1,0.899
Primates,order,Mammalia,class,DNA,250,PC,2,0.949
Primates,order,Mammalia,class,DNA,250,PC,3,0.923
Primates,order,Mammalia,class,DNA,250,PC,4,0.944
Primates,order,Mammalia,class,DNA,250,PC,5,0.96
Primates,order,Mammalia,class,DNA,250,PC,6,0.972
Primates,order,Mammalia,class,DNA,250,Domains,0,0.933
Mus musculus,species,Rodentia,order,DNA,31,DNA,1,0.214
Mus musculus,species,Rodentia,order,DNA,31,DNA,2,0.821
Mus musculus,species,Rodentia,order,DNA,31,DNA,3,0.857
Mus musculus,species,Rodentia,order,DNA,31,DNA,4,0.946
Mus musculus,species,Rodentia,order,DNA,31,DNA,5,0.946
Mus musculus,species,Rodentia,order,DNA,31,DNA,6,0.929
Mus musculus,species,Rodentia,order,DNA,31,DNA,7,0.893
Mus musculus,species,Rodentia,order,DNA,31,DNA,8,0.893
Mus musculus,species,Rodentia,order,DNA,31,DNA,9,0.911
Mus musculus,species,Rodentia,order,DNA,31,AA,1,0.984
Mus musculus,species,Rodentia,order,DNA,31,AA,2,1.0
Mus musculus,species,Rodentia,order,DNA,31,AA,3,0.984
Mus musculus,species,Rodentia,order,DNA,31,AA,4,0.984
Mus musculus,species,Rodentia,order,DNA,31,PC,1,0.921
Mus musculus,species,Rodentia,order,DNA,31,PC,2,0.667
Mus musculus,species,Rodentia,order,DNA,31,PC,3,0.794
Mus musculus,species,Rodentia,order,DNA,31,PC,4,0.714
Mus musculus,species,Rodentia,order,DNA,31,PC,5,0.952
Mus musculus,species,Rodentia,order,DNA,31,PC,6,0.984
Mus musculus,species,Rodentia,order,DNA,31,Domains,0,0.905
Mus,genus,Rodentia,order,DNA,31,DNA,1,0.625
Mus,genus,Rodentia,order,DNA,31,DNA,2,0.732
Mus,genus,Rodentia,order,DNA,31,DNA,3,0.554
Mus,genus,Rodentia,order,DNA,31,DNA,4,0.875
Mus,genus,Rodentia,order,DNA,31,DNA,5,0.839
Mus,genus,Rodentia,order,DNA,31,DNA,6,0.821
Mus,genus,Rodentia,order,DNA,31,DNA,7,0.75
Mus,genus,Rodentia,order,DNA,31,DNA,8,0.75
Mus,genus,Rodentia,order,DNA,31,DNA,9,0.768
Mus,genus,Rodentia,order,DNA,31,AA,1,0.683
Mus,genus,Rodentia,order,DNA,31,AA,2,0.81
Mus,genus,Rodentia,order,DNA,31,AA,3,0.952
Mus,genus,Rodentia,order,DNA,31,AA,4,0.952
Mus,genus,Rodentia,order,DNA,31,PC,1,1.0
Mus,genus,Rodentia,order,DNA,31,PC,2,0.698
Mus,genus,Rodentia,order,DNA,31,PC,3,0.937
Mus,genus,Rodentia,order,DNA,31,PC,4,0.762
Mus,genus,Rodentia,order,DNA,31,PC,5,1.0
Mus,genus,Rodentia,order,DNA,31,PC,6,1.0
Mus,genus,Rodentia,order,DNA,31,Domains,0,0.926
Muridae,family,Rodentia,order,DNA,58,DNA,1,0.845
Muridae,family,Rodentia,order,DNA,58,DNA,2,0.929
Muridae,family,Rodentia,order,DNA,58,DNA,3,0.917
Muridae,family,Rodentia,order,DNA,58,DNA,4,0.929
Muridae,family,Rodentia,order,DNA,58,DNA,5,0.905
Muridae,family,Rodentia,order,DNA,58,DNA,6,0.952
Muridae,family,Rodentia,order,DNA,58,DNA,7,0.952
Muridae,family,Rodentia,order,DNA,58,DNA,8,0.964
Muridae,family,Rodentia,order,DNA,58,DNA,9,1.0
Muridae,family,Rodentia,order,DNA,58,AA,1,0.857
Muridae,family,Rodentia,order,DNA,58,AA,2,0.978
Muridae,family,Rodentia,order,DNA,58,AA,3,0.912
Muridae,family,Rodentia,order,DNA,58,AA,4,0.967
Muridae,family,Rodentia,order,DNA,58,PC,1,0.879
Muridae,family,Rodentia,order,DNA,58,PC,2,0.907
Muridae,family,Rodentia,order,DNA,58,PC,3,0.978
Muridae,family,Rodentia,order,DNA,58,PC,4,0.846
Muridae,family,Rodentia,order,DNA,58,PC,5,0.978
Muridae,family,Rodentia,order,DNA,58,PC,6,0.989
Muridae,family,Rodentia,order,DNA,58,Domains,0,1.0
Rodentia,order,Mammalia,class,DNA,84,DNA,1,0.618
Rodentia,order,Mammalia,class,DNA,84,DNA,2,0.844
Rodentia,order,Mammalia,class,DNA,84,DNA,3,0.92
Rodentia,order,Mammalia,class,DNA,84,DNA,4,0.924
Rodentia,order,Mammalia,class,DNA,84,DNA,5,0.955
Rodentia,order,Mammalia,class,DNA,84,DNA,6,0.91
Rodentia,order,Mammalia,class,DNA,84,DNA,7,0.896
Rodentia,order,Mammalia,class,DNA,84,DNA,8,0.899
Rodentia,order,Mammalia,class,DNA,84,DNA,9,0.899
Rodentia,order,Mammalia,class,DNA,84,AA,1,0.854
Rodentia,order,Mammalia,class,DNA,84,AA,2,0.875
Rodentia,order,Mammalia,class,DNA,84,AA,3,0.837
Rodentia,order,Mammalia,class,DNA,84,AA,4,0.934
Rodentia,order,Mammalia,class,DNA,84,PC,1,0.802
Rodentia,order,Mammalia,class,DNA,84,PC,2,0.826
Rodentia,order,Mammalia,class,DNA,84,PC,3,0.809
Rodentia,order,Mammalia,class,DNA,84,PC,4,0.826
Rodentia,order,Mammalia,class,DNA,84,PC,5,0.934
Rodentia,order,Mammalia,class,DNA,84,PC,6,0.885
Rodentia,order,Mammalia,class,DNA,84,Domains,0,0.881
Mammalia,class,Chordata,phylum,DNA,250,DNA,1,0.559
Mammalia,class,Chordata,phylum,DNA,250,DNA,2,0.884
Mammalia,class,Chordata,phylum,DNA,250,DNA,3,0.941
Mammalia,class,Chordata,phylum,DNA,250,DNA,4,0.897
Mammalia,class,Chordata,phylum,DNA,250,DNA,5,0.948
Mammalia,class,Chordata,phylum,DNA,250,DNA,6,0.962
Mammalia,class,Chordata,phylum,DNA,250,DNA,7,0.969
Mammalia,class,Chordata,phylum,DNA,250,DNA,8,0.976
Mammalia,class,Chordata,phylum,DNA,250,DNA,9,0.972
Mammalia,class,Chordata,phylum,DNA,250,AA,1,0.957
Mammalia,class,Chordata,phylum,DNA,250,AA,2,0.958
Mammalia,class,Chordata,phylum,DNA,250,AA,3,0.984
Mammalia,class,Chordata,phylum,DNA,250,AA,4,0.856
Mammalia,class,Chordata,phylum,DNA,250,PC,1,0.805
Mammalia,class,Chordata,phylum,DNA,250,PC,2,0.963
Mammalia,class,Chordata,phylum,DNA,250,PC,3,0.931
Mammalia,class,Chordata,phylum,DNA,250,PC,4,0.953
Mammalia,class,Chordata,phylum,DNA,250,PC,5,0.821
Mammalia,class,Chordata,phylum,DNA,250,PC,6,0.917
Mammalia,class,Chordata,phylum,DNA,250,Domains,0,0.96
Gallus gallus,species,Aves,class,DNA,34,DNA,1,0.767
Gallus gallus,species,Aves,class,DNA,34,DNA,2,0.85
Gallus gallus,species,Aves,class,DNA,34,DNA,3,0.8
Gallus gallus,species,Aves,class,DNA,34,DNA,4,0.733
Gallus gallus,species,Aves,class,DNA,34,DNA,5,0.85
Gallus gallus,species,Aves,class,DNA,34,DNA,6,0.933
Gallus gallus,species,Aves,class,DNA,34,DNA,7,1.0
Gallus gallus,species,Aves,class,DNA,34,DNA,8,1.0
Gallus gallus,species,Aves,class,DNA,34,DNA,9,1.0
Gallus gallus,species,Aves,class,DNA,34,AA,1,0.833
Gallus gallus,species,Aves,class,DNA,34,AA,2,0.85
Gallus gallus,species,Aves,class,DNA,34,AA,3,0.633
Gallus gallus,species,Aves,class,DNA,34,AA,4,0.95
Gallus gallus,species,Aves,class,DNA,34,PC,1,0.633
Gallus gallus,species,Aves,class,DNA,34,PC,2,0.833
Gallus gallus,species,Aves,class,DNA,34,PC,3,0.733
Gallus gallus,species,Aves,class,DNA,34,PC,4,0.55
Gallus gallus,species,Aves,class,DNA,34,PC,5,0.733
Gallus gallus,species,Aves,class,DNA,34,PC,6,0.917
Gallus gallus,species,Aves,class,DNA,34,Domains,0,0.725
Phasianidae,family,Aves,class,DNA,46,DNA,1,0.542
Phasianidae,family,Aves,class,DNA,46,DNA,2,0.719
Phasianidae,family,Aves,class,DNA,46,DNA,3,0.823
Phasianidae,family,Aves,class,DNA,46,DNA,4,0.688
Phasianidae,family,Aves,class,DNA,46,DNA,5,0.781
Phasianidae,family,Aves,class,DNA,46,DNA,6,0.823
Phasianidae,family,Aves,class,DNA,46,DNA,7,0.865
Phasianidae,family,Aves,class,DNA,46,DNA,8,0.75
Phasianidae,family,Aves,class,DNA,46,DNA,9,0.688
Phasianidae,family,Aves,class,DNA,46,AA,1,0.875
Phasianidae,family,Aves,class,DNA,46,AA,2,0.813
Phasianidae,family,Aves,class,DNA,46,AA,3,0.844
Phasianidae,family,Aves,class,DNA,46,AA,4,0.938
Phasianidae,family,Aves,class,DNA,46,PC,1,0.573
Phasianidae,family,Aves,class,DNA,46,PC,2,0.656
Phasianidae,family,Aves,class,DNA,46,PC,3,0.802
Phasianidae,family,Aves,class,DNA,46,PC,4,0.854
Phasianidae,family,Aves,class,DNA,46,PC,5,0.958
Phasianidae,family,Aves,class,DNA,46,PC,6,0.948
Phasianidae,family,Aves,class,DNA,46,Domains,0,0.862
Galliformes,order,Aves,class,DNA,48,DNA,1,0.74
Galliformes,order,Aves,class,DNA,48,DNA,2,0.844
Galliformes,order,Aves,class,DNA,48,DNA,3,0.854
Galliformes,order,Aves,class,DNA,48,DNA,4,0.969
Galliformes,order,Aves,class,DNA,48,DNA,5,0.958
Galliformes,order,Aves,class,DNA,48,DNA,6,0.958
Galliformes,order,Aves,class,DNA,48,DNA,7,0.958
Galliformes,order,Aves,class,DNA,48,DNA,8,0.958
Galliformes,order,Aves,class,DNA,48,DNA,9,0.969
Galliformes,order,Aves,class,DNA,48,AA,1,0.905
Galliformes,order,Aves,class,DNA,48,AA,2,0.881
Galliformes,order,Aves,class,DNA,48,AA,3,0.976
Galliformes,order,Aves,class,DNA,48,AA,4,0.976
Galliformes,order,Aves,class,DNA,48,PC,1,0.571
Galliformes,order,Aves,class,DNA,48,PC,2,0.94
Galliformes,order,Aves,class,DNA,48,PC,3,0.857
Galliformes,order,Aves,class,DNA,48,PC,4,0.917
Galliformes,order,Aves,class,DNA,48,PC,5,0.917
Galliformes,order,Aves,class,DNA,48,PC,6,0.976
Galliformes,order,Aves,class,DNA,48,Domains,0,0.935
Aves,class,Chordata,phylum,DNA,123,DNA,1,0.718
Aves,class,Chordata,phylum,DNA,123,DNA,2,0.826
Aves,class,Chordata,phylum,DNA,123,DNA,3,0.749
Aves,class,Chordata,phylum,DNA,123,DNA,4,0.698
Aves,class,Chordata,phylum,DNA,123,DNA,5,0.839
Aves,class,Chordata,phylum,DNA,123,DNA,6,0.864
Aves,class,Chordata,phylum,DNA,123,DNA,7,0.867
Aves,class,Chordata,phylum,DNA,123,DNA,8,0.898
Aves,class,Chordata,phylum,DNA,123,DNA,9,0.908
Aves,class,Chordata,phylum,DNA,123,AA,1,0.934
Aves,class,Chordata,phylum,DNA,123,AA,2,0.895
Aves,class,Chordata,phylum,DNA,123,AA,3,0.901
Aves,class,Chordata,phylum,DNA,123,AA,4,0.946
Aves,class,Chordata,phylum,DNA,123,PC,1,0.757
Aves,class,Chordata,phylum,DNA,123,PC,2,0.823
Aves,class,Chordata,phylum,DNA,123,PC,3,0.906
Aves,class,Chordata,phylum,DNA,123,PC,4,0.924
Aves,class,Chordata,phylum,DNA,123,PC,5,0.966
Aves,class,Chordata,phylum,DNA,123,PC,6,0.97
Aves,class,Chordata,phylum,DNA,123,Domains,0,0.914
Chordata,phylum,Metazoa,kingdom,DNA,250,DNA,1,0.674
Chordata,phylum,Metazoa,kingdom,DNA,250,DNA,2,0.855
Chordata,phylum,Metazoa,kingdom,DNA,250,DNA,3,0.942
Chordata,phylum,Metazoa,kingdom,DNA,250,DNA,4,0.913
Chordata,phylum,Metazoa,kingdom,DNA,250,DNA,5,0.942
Chordata,phylum,Metazoa,kingdom,DNA,250,DNA,6,0.953
Chordata,phylum,Metazoa,kingdom,DNA,250,DNA,7,0.962
Chordata,phylum,Metazoa,kingdom,DNA,250,DNA,8,0.965
Chordata,phylum,Metazoa,kingdom,DNA,250,DNA,9,0.961
Chordata,phylum,Metazoa,kingdom,DNA,250,AA,1,0.961
Chordata,phylum,Metazoa,kingdom,DNA,250,AA,2,0.964
Chordata,phylum,Metazoa,kingdom,DNA,250,AA,3,0.97
Chordata,phylum,Metazoa,kingdom,DNA,250,AA,4,0.929
Chordata,phylum,Metazoa,kingdom,DNA,250,PC,1,0.862
Chordata,phylum,Metazoa,kingdom,DNA,250,PC,2,0.907
Chordata,phylum,Metazoa,kingdom,DNA,250,PC,3,0.913
Chordata,phylum,Metazoa,kingdom,DNA,250,PC,4,0.974
Chordata,phylum,Metazoa,kingdom,DNA,250,PC,5,0.927
Chordata,phylum,Metazoa,kingdom,DNA,250,PC,6,0.948
Chordata,phylum,Metazoa,kingdom,DNA,250,Domains,0,0.954
Noctuidae,family,Lepidoptera,order,DNA,43,DNA,1,0.841
Noctuidae,family,Lepidoptera,order,DNA,43,DNA,2,0.943
Noctuidae,family,Lepidoptera,order,DNA,43,DNA,3,0.966
Noctuidae,family,Lepidoptera,order,DNA,43,DNA,4,0.989
Noctuidae,family,Lepidoptera,order,DNA,43,DNA,5,0.977
Noctuidae,family,Lepidoptera,order,DNA,43,DNA,6,0.989
Noctuidae,family,Lepidoptera,order,DNA,43,DNA,7,1.0
Noctuidae,family,Lepidoptera,order,DNA,43,DNA,8,0.966
Noctuidae,family,Lepidoptera,order,DNA,43,DNA,9,0.932
Noctuidae,family,Lepidoptera,order,DNA,43,AA,1,0.857
Noctuidae,family,Lepidoptera,order,DNA,43,AA,2,0.909
Noctuidae,family,Lepidoptera,order,DNA,43,AA,3,0.896
Noctuidae,family,Lepidoptera,order,DNA,43,AA,4,0.987
Noctuidae,family,Lepidoptera,order,DNA,43,PC,1,0.857
Noctuidae,family,Lepidoptera,order,DNA,43,PC,2,0.883
Noctuidae,family,Lepidoptera,order,DNA,43,PC,3,0.974
Noctuidae,family,Lepidoptera,order,DNA,43,PC,4,0.974
Noctuidae,family,Lepidoptera,order,DNA,43,PC,5,0.974
Noctuidae,family,Lepidoptera,order,DNA,43,PC,6,1.0
Noctuidae,family,Lepidoptera,order,DNA,43,Domains,0,1.0
Lepidoptera,order,Insecta,class,DNA,118,DNA,1,0.681
Lepidoptera,order,Insecta,class,DNA,118,DNA,2,0.965
Lepidoptera,order,Insecta,class,DNA,118,DNA,3,1.0
Lepidoptera,order,Insecta,class,DNA,118,DNA,4,1.0
Lepidoptera,order,Insecta,class,DNA,118,DNA,5,1.0
Lepidoptera,order,Insecta,class,DNA,118,DNA,6,1.0
Lepidoptera,order,Insecta,class,DNA,118,DNA,7,1.0
Lepidoptera,order,Insecta,class,DNA,118,DNA,8,1.0
Lepidoptera,order,Insecta,class,DNA,118,DNA,9,1.0
Lepidoptera,order,Insecta,class,DNA,118,AA,1,0.976
Lepidoptera,order,Insecta,class,DNA,118,AA,2,0.998
Lepidoptera,order,Insecta,class,DNA,118,AA,3,1.0
Lepidoptera,order,Insecta,class,DNA,118,AA,4,1.0
Lepidoptera,order,Insecta,class,DNA,118,PC,1,0.876
Lepidoptera,order,Insecta,class,DNA,118,PC,2,0.916
Lepidoptera,order,Insecta,class,DNA,118,PC,3,0.992
Lepidoptera,order,Insecta,class,DNA,118,PC,4,0.998
Lepidoptera,order,Insecta,class,DNA,118,PC,5,1.0
Lepidoptera,order,Insecta,class,DNA,118,PC,6,0.976
Lepidoptera,order,Insecta,class,DNA,118,Domains,0,1.0
Libellulidae,family,Insecta,class,DNA,30,DNA,1,0.344
Libellulidae,family,Insecta,class,DNA,30,DNA,2,0.859
Libellulidae,family,Insecta,class,DNA,30,DNA,3,0.703
Libellulidae,family,Insecta,class,DNA,30,DNA,4,0.875
Libellulidae,family,Insecta,class,DNA,30,DNA,5,0.875
Libellulidae,family,Insecta,class,DNA,30,DNA,6,0.906
Libellulidae,family,Insecta,class,DNA,30,DNA,7,0.875
Libellulidae,family,Insecta,class,DNA,30,DNA,8,0.812
Libellulidae,family,Insecta,class,DNA,30,DNA,9,0.609
Libellulidae,family,Insecta,class,DNA,30,AA,1,0.797
Libellulidae,family,Insecta,class,DNA,30,AA,2,0.938
Libellulidae,family,Insecta,class,DNA,30,AA,3,0.438
Libellulidae,family,Insecta,class,DNA,30,AA,4,0.859
Libellulidae,family,Insecta,class,DNA,30,PC,1,0.906
Libellulidae,family,Insecta,class,DNA,30,PC,2,0.797
Libellulidae,family,Insecta,class,DNA,30,PC,3,0.859
Libellulidae,family,Insecta,class,DNA,30,PC,4,0.391
Libellulidae,family,Insecta,class,DNA,30,PC,5,0.484
Libellulidae,family,Insecta,class,DNA,30,PC,6,0.719
Libellulidae,family,Insecta,class,DNA,30,Domains,0,0.911
Odonata,order,Insecta,class,DNA,49,DNA,1,0.187
Odonata,order,Insecta,class,DNA,49,DNA,2,0.747
Odonata,order,Insecta,class,DNA,49,DNA,3,0.725
Odonata,order,Insecta,class,DNA,49,DNA,4,0.901
Odonata,order,Insecta,class,DNA,49,DNA,5,0.956
Odonata,order,Insecta,class,DNA,49,DNA,6,0.967
Odonata,order,Insecta,class,DNA,49,DNA,7,0.945
Odonata,order,Insecta,class,DNA,49,DNA,8,0.538
Odonata,order,Insecta,class,DNA,49,DNA,9,0.495
Odonata,order,Insecta,class,DNA,49,AA,1,0.879
Odonata,order,Insecta,class,DNA,49,AA,2,0.912
Odonata,order,Insecta,class,DNA,49,AA,3,0.648
Odonata,order,Insecta,class,DNA,49,AA,4,0.802
Odonata,order,Insecta,class,DNA,49,PC,1,0.89
Odonata,order,Insecta,class,DNA,49,PC,2,0.835
Odonata,order,Insecta,class,DNA,49,PC,3,0.835
Odonata,order,Insecta,class,DNA,49,PC,4,0.692
Odonata,order,Insecta,class,DNA,49,PC,5,0.56
Odonata,order,Insecta,class,DNA,49,PC,6,0.813
Odonata,order,Insecta,class,DNA,49,Domains,0,0.889
Insecta,class,Arthropoda,phylum,DNA,229,DNA,1,0.73
Insecta,class,Arthropoda,phylum,DNA,229,DNA,2,0.83
Insecta,class,Arthropoda,phylum,DNA,229,DNA,3,0.841
Insecta,class,Arthropoda,phylum,DNA,229,DNA,4,0.905
Insecta,class,Arthropoda,phylum,DNA,229,DNA,5,0.931
Insecta,class,Arthropoda,phylum,DNA,229,DNA,6,0.936
Insecta,class,Arthropoda,phylum,DNA,229,DNA,7,0.923
Insecta,class,Arthropoda,phylum,DNA,229,DNA,8,0.885
Insecta,class,Arthropoda,phylum,DNA,229,DNA,9,0.873
Insecta,class,Arthropoda,phylum,DNA,229,AA,1,0.84
Insecta,class,Arthropoda,phylum,DNA,229,AA,2,0.832
Insecta,class,Arthropoda,phylum,DNA,229,AA,3,0.914
Insecta,class,Arthropoda,phylum,DNA,229,AA,4,0.873
Insecta,class,Arthropoda,phylum,DNA,229,PC,1,0.756
Insecta,class,Arthropoda,phylum,DNA,229,PC,2,0.811
Insecta,class,Arthropoda,phylum,DNA,229,PC,3,0.897
Insecta,class,Arthropoda,phylum,DNA,229,PC,4,0.873
Insecta,class,Arthropoda,phylum,DNA,229,PC,5,0.853
Insecta,class,Arthropoda,phylum,DNA,229,PC,6,0.932
Insecta,class,Arthropoda,phylum,DNA,229,Domains,0,0.847
Arthropoda,phylum,Metazoa,kingdom,DNA,250,DNA,1,0.735
Arthropoda,phylum,Metazoa,kingdom,DNA,250,DNA,2,0.803
Arthropoda,phylum,Metazoa,kingdom,DNA,250,DNA,3,0.851
Arthropoda,phylum,Metazoa,kingdom,DNA,250,DNA,4,0.902
Arthropoda,phylum,Metazoa,kingdom,DNA,250,DNA,5,0.945
Arthropoda,phylum,Metazoa,kingdom,DNA,250,DNA,6,0.952
Arthropoda,phylum,Metazoa,kingdom,DNA,250,DNA,7,0.949
Arthropoda,phylum,Metazoa,kingdom,DNA,250,DNA,8,0.933
Arthropoda,phylum,Metazoa,kingdom,DNA,250,DNA,9,0.919
Arthropoda,phylum,Metazoa,kingdom,DNA,250,AA,1,0.882
Arthropoda,phylum,Metazoa,kingdom,DNA,250,AA,2,0.918
Arthropoda,phylum,Metazoa,kingdom,DNA,250,AA,3,0.912
Arthropoda,phylum,Metazoa,kingdom,DNA,250,AA,4,0.909
Arthropoda,phylum,Metazoa,kingdom,DNA,250,PC,1,0.78
Arthropoda,phylum,Metazoa,kingdom,DNA,250,PC,2,0.841
Arthropoda,phylum,Metazoa,kingdom,DNA,250,PC,3,0.889
Arthropoda,phylum,Metazoa,kingdom,DNA,250,PC,4,0.841
Arthropoda,phylum,Metazoa,kingdom,DNA,250,PC,5,0.811
Arthropoda,phylum,Metazoa,kingdom,DNA,250,PC,6,0.876
Arthropoda,phylum,Metazoa,kingdom,DNA,250,Domains,0,0.947
Mollusca,phylum,Metazoa,kingdom,DNA,39,DNA,1,0.919
Mollusca,phylum,Metazoa,kingdom,DNA,39,DNA,2,0.625
Mollusca,phylum,Metazoa,kingdom,DNA,39,DNA,3,0.487
Mollusca,phylum,Metazoa,kingdom,DNA,39,DNA,4,0.938
Mollusca,phylum,Metazoa,kingdom,DNA,39,DNA,5,1.0
Mollusca,phylum,Metazoa,kingdom,DNA,39,DNA,6,1.0
Mollusca,phylum,Metazoa,kingdom,DNA,39,DNA,7,0.95
Mollusca,phylum,Metazoa,kingdom,DNA,39,DNA,8,0.9
Mollusca,phylum,Metazoa,kingdom,DNA,39,DNA,9,0.875
Mollusca,phylum,Metazoa,kingdom,DNA,39,AA,1,1.0
Mollusca,phylum,Metazoa,kingdom,DNA,39,AA,2,0.988
Mollusca,phylum,Metazoa,kingdom,DNA,39,AA,3,0.675
Mollusca,phylum,Metazoa,kingdom,DNA,39,AA,4,0.95
Mollusca,phylum,Metazoa,kingdom,DNA,39,PC,1,0.988
Mollusca,phylum,Metazoa,kingdom,DNA,39,PC,2,0.925
Mollusca,phylum,Metazoa,kingdom,DNA,39,PC,3,0.763
Mollusca,phylum,Metazoa,kingdom,DNA,39,PC,4,0.75
Mollusca,phylum,Metazoa,kingdom,DNA,39,PC,5,0.513
Mollusca,phylum,Metazoa,kingdom,DNA,39,PC,6,0.838
Mollusca,phylum,Metazoa,kingdom,DNA,39,Domains,0,1.0
